<?xml version="1.0" encoding="UTF-8"?>
<!DOCTYPE configuration
 PUBLIC "-//mybatis.org//DTD Config 3.0//EN"
 "http://mybatis.org/dtd/mybatis-3-config.dtd">
 <configuration>
 	<settings>
 		<setting name="logImpl" value="LOG4J"/><!-- 这样一弄就设置了mybatis开启了日志功能 -->
 	</settings>
 	<typeAliases><package name="com.bjsxt.pojo"/></typeAliases>
 	<environments default="default">
 		<environment id="default">
			<transactionManager type="JDBC"></transactionManager>
			<dataSource type="POOLED">
				<property name="driver" value="com.mysql.jdbc.Driver"/>
				<property name="url" value="jdbc:mysql://localhost:3306/test3"/>
				<property name="username" value="root"/>
				<property name="password" value="666666"/>
			</dataSource> 		
 		</environment>
 	</environments>
 	<mappers>
 		<mapper resource="com/bjsxt/AccountMapper/AccountMapper.xml"/>
 	</mappers>
 </configuration>